{
  "IsEncrypted": false,
  "Values": {
    "AzureWebJobsStorage": "UseDevelopmentStorage=true",
    "FUNCTIONS_WORKER_RUNTIME": "python",
    "COSMOS_ENDPOINT": "https://quickaid.documents.azure.com:443/;AccountKey=SBmSKZUag8JXmyb696Rb9hF20miwSqKaR3kpRTbfrfGOQR7NwKzBTD1m4ykbxX6zSiP7gHyM1w0sACDbhIGoYg==;",
    "COSMOS_KEY": "SBmSKZUag8JXmyb696Rb9hF20miwSqKaR3kpRTbfrfGOQR7NwKzBTD1m4ykbxX6zSiP7gHyM1w0sACDbhIGoYg==",
    "SENDGRID_API_KEY": "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",
    "FROM_EMAIL": "izzatiaisyah027@outlook.com"
  }
}